Unit	Act_Cons	VO_Cons_Self	VO_Cons_Soc	VO_Cons_Env	Act_Busi	VO_Busi_Prof	VO_Busi_Soc	VO_Busi_Env	Act_Inst	VO_Inst_Gro	VO_Inst_Soc	VO_Inst_Env	SP
BHH_2022	1	1	1	1	0				0				4
BM_2012	1	1	0	0	1	1	0	1	0				4
BPJNM_2023	0				1	1	0	1	0				4
BSK_2016	1	1	0	0	0				0				3
BWMIG_2016	1	1	0	0	0				0				3
CB_2020	1	1	1	1	1	1	0	0	0				4
CBBM_2024	1	1	0	0	0				0				4
CCFSC_2023	0				1	1	1	1	0				3
CGLZ_2019	0				0				1	0	0	1	3
CL_2023	1	1	0	0	0				0				3
CP_2014	1	1	1	1	0				0				2
CPWD_2008	1	1	0	1	0				0				3
CSK_2007	1	1	0	1	0				0				3
CY_2022	0				1	1	0	0	0				2
DM_2021	1	1	0	0	0				0				2
FHN_2022	0				1	1	0	0	0				3
GB_2017	1	1	0	1	0				0				4
GCCH_2016	1	1	1	0	1	1	0	1	0				4
GMGG_2014	0				1	1	0	0	0				2
HNS_2012	1	1	1	1	1	1	1	1	0				4
HRSBC_2012	1	1	0	0	0				1	0	0	1	4
HTL_2021	1	1	0	1	0				0				3
HWN_2014	1	1	0	1	0				0				3
JBD_2024	0				1	1	0	1	0				3
JPCGZ_2023	1	0	0	1	1	1	0	1	0				4
KB_2015	1	1	1	1	1	0	0	1	0				4
KBJ_2022	1	1	0	1	1	1	0	1	0				4
KJVL_2011	0				1	1	0	0	0				1
KM_2023	1	1	0	1	1	1	0	1	0				2
KPS_2022	1	1	1	0	0				0				2
LG_2021	1	1	0	1	0				0				3
LGZ_2024	1	1	0	1	0				0				4
LKM_2013	0				1	1	0	1	0				3
LNIR_2010	1	1	0	0	0				0				3
MFMS_2023	1	1	0	0	0				0				2
MHFT_2013	1	1	1	1	0				0				2
MI_2020	1	1	1	1	0				0				3
MLOKK_2012	1	1	0	1	0				0				4
MMRI_2021	1	1	0	1	0				1	1	0	1	4
O_2013	1	1	0	1	0				0				3
OBCLZ_2015	0				1	1	1	1	0				3
PDRBA_2023	1	1	0	0	1	1	0	1	0				4
PH_2012	1	1	0	1	0				1	0	0	1	4
PP_2023	1	0	0	1	0				0				3
PTBG_2024	1	1	0	0	0				1	1	1	1	2
PWS_2013	1	1	0	0	0				0				3
RHEF_2024	1	1	0	0	1	1	0	1	0				4
RK_2017	1	1	1	1	1	1	1	1	0				3
RWDCL_2019	1	1	0	0	0				0				3
SBHA_2023	0				1	1	0	1	0				2
SBP_2021	1	1	0	0	0				0				3
SC_2013	1	1	0	1	0				0				4
SHLT_2022	1	1	0	1	0				0				3
SKD_2023	1	0	0	1	0				0				3
SMTC_2023	1	1	0	1	0				0				2
SR_2014	1	1	1	1	0				0				3
TGA_2022	1	1	1	1	0				0				3
TGB_2019	1	1	0	0	0				0				2
TMSM_2024	0				1	1	0	1	0				2
TPS_2023	1	1	0	1	0				0				4
TRCMR_2018	1	1	0	0	1	1	0	1	1	0	0	1	3
TT_2023	1	1	0	1	0				0				4
W_2012	1	0	1	1	0				0				2
WHG_2016	1	1	0	0	0				0				2
WKM_2017	1	1	0	1	1	1	0	0	0				3
WLN_2023	1	1	0	1	0				0				2
WP1_2023	1				1	1	0	1	0				4
WP2_2023	1	1	0	1	0				0				4
WRM_2021	1	1	0	1	0				1	0	0	1	4
WS_2013	1	1	0	1	0				0				3
ZCK_2021	1	1	0	0	1	1	0	1	0				4
ZIR_2015	1	1	0	0	0				0				2
ZMG_2023	1	1	0	0	0				0				2
ACMM_2024	0				1	1	0	1	0				4
ADD_2021	1	1	0	0	0				0				1
ADPG_2020	1	1	0	0	0				0				1
ADPJ_2021	1	1	1	1	0				0				2
ALV_2023	1	1	0	1	0				1	1	1	1	4
AM_2014	1	1	1	1	0				0				3
BD_2018	1	1	0	0	0				0				4
BM_2015	1	1	1	1	1	1	1	1	0				3
BMO_2022	1	1	0	1	0				0				2
BPJNM_2024	0				1	1	0	1	0				3
BSC_2024	1	1	0	0	0				0				2
CC_2014	1	1	0	0	0				0				2
CCS_2022	1	0	0	1	0				0				3
CG_2019	1	1	0	1	0				0				3
CGGN_2024	1	1	1	1	1	1	1	1	0				3
CJM_2021	1	1	1	1	1	1	1	1	0				3
CL_2023	0				1	1	0	1	0				3
CNN_2023	1	1	0	0	0				0				2
CT_2023	1	1	0	0	0				1	0	1	1	4
CW_2013	1	1	0	0	0				0				2
DCY_2018	0				1	1	0	1	0				3
DPVG_2021	1	1	0	0	0				0				3
DRRY_2024	1	1	0	1	0				1	0	0	1	4
DV_2011	1	1	0	1	0				0				3
DV_2015	1	1	0	1	1	1	0	1	0				3
DWG_2021	1	1	0	1	0				0				3
DYBS_2017	0				1	1	0	0	0				4
ED_2013	1	1	0	1	0				0				3
EGSL_2018	1	1	0	0	0				0				2
EGSL_2018	1	1	0	0	0				0				3
EID_2021	1	1	1	1	0				0				2
EM_2020	1	1	0	1	0				0				3
ERVAA_2024	1	1	0	0	0				0				3
ESSMW_2018	1	1	0	1	0				0				3
FBSW_2017	1	0	1	1	0				0				4
FLE_2018	1	1	1	1	0				0				3
FMM_2020	1	1	0	1	0				0				4
GBML_2023	1	1	0	1	0				0				4
GMS_2024	1	1	0	0	1	1	0	0	1	0	0	1	4
GSAC_2013	1	1	0	0	0				0				3
GV_2019	0				1	1	0	0	0				1
GWBS_2024	1	0	1	1	0				0				2
HJJAI_2022	1	1	0	0	0				0				3
HKRWG_2016	0				1	1	0	1	0				4
HMSB_2024	1	1	0	1	0				0				3
HNKRJK_2021	0				1	1	1	0	0				4
HSTS_2024	1	1	0	0	0				0				3
HW_2024	1	1	0	0	0				0				4
IRA_2020	0				1	1	1	1	0				4
JLMBPCK_2017	1	1	0	1	0				0				3
KFH_2013	1	1	0	0	0				0				4
KKLU_2021	0				1	1	0	1	0				4
KL_2021	1	1	1	1	0				0				3
KL_2024	1	1	0	0	0				0				2
KLZ_2016	0				1	1	0	1	0				4
KND_2018	1	1	0	1	0				0				3
KPC_2019	1	1	0	1	0				0				4
KPS_2021	1	1	0	1	0				0				2
L_2022	0				1	1	0	1	0				2
LK_2024	1	1	0	0	0				0				2
LS_2024	1	1	0	0	0				0				2
LWZZ_2020	1	1	0	1	0				0				4
MCH_2021	1	1	0	0	0				0				1
MFVF_2022** COULD HAVE USED THE WRONG TITLE EARLIER	1	1	0	0	0				0				1
MG_2024	1	1	0	0	0				0				3
ML_2021	1	1	0	0	0				0				4
MRHN_2021	1	1	0	0	1	1	0	1	0				4
NLPS_2022	1	0	1	1	1	1	1	1	0				4
OSC_2014	1	0	0	1	1	1	0	1	0				3
P_2020	1	1	1	1	0				0				4
PBFPWKGS_2021	0				1	1	0	0	0				1
PR_2016	1	0	0	1	1	1	0	1	0				2
PS_2020	1	1	0	1	0				0				4
PUHGT_2021	1	1	0	0	0				0				4
RHS_2017	1	1	0	0	0				0				3
RIZE_2016	1	1	0	0	0				0				3
RJG_2015	1	1	1	1	0				0				3
RMB_2021	1	1	0	0	0				0				2
SAEDS_2021	1	0	0	1	1	1	1	0	0				3
SAS_2020 	1	1	0	1	0				0				5
SBM_2023 	0				1	1	1	0	0				4
SLE_2020	0				1	1	1	1	1	1	1	1	4
SSC_2022	1	1	0	1	0				0				3
SSDB_2022	1	1	0	1	0				0				3
SSI_2021	1	1	0	0	0				0				4
SSZ_2022	1	1	0	1	0				0				2
ST_2017	1	1	0	1	0				0				3
SWM_2022	1	1	0	0	0				0				2
TAM_2016	1	1	0	0	0				0				3
TB_2021	1	1	0	0	0				0				2
TBS_2015	1	1	0	0	0				0				3
TDQ_2020	1	1	0	1	0				0				4
TFH_2024	1	0	1	1	0				0				4
THO_2010	1	1	0	1	0				1	0	0	1	4
TK_2003	1	1	1	1	0				0				3
TPMC_2023	1	1	0	1	0				0				3
TT_2024	1	1	0	0	0				0				3
UK_2011	1	1	1	1	0				0				3
VAPK_2021	1	0	1	1	0				0				3
VSO_2021	0				1	1	0	1	0				3
W_2012	1	0	1	1	0				0				3
WDGB_2024	1	0	0	1	0				0				2
WHG_2018	1	1	0	1	0				0				3
WMP_2017	1	1	0	1	0				0				2
WNG_2019	1	1	0	1	0				0				4
WSA_2014	1	1	0	1	0				0				2
WSDB_2024	1	1	0	0	0				0				2
XB_2024	1	1	0	1	0				0				4
XZCC_2023	1	1	0	1	0				0				4
YKC_2021	1	1	0	0	0				0				3
YKM_2024	1	1	0	0	0				0				3
YM_2023	1	1	0	0	0				0				2
YTWY_2022	0				1	1	0	0	0				2
ZSX_2023	1	1	0	1	0				0				3
ZWCN_2020	1	0	0	1	1	1	0	1	0				3
ZZTWS_2021	0				1	1	1	1	0				4